,loss,accuracy,auc,f1_m,recall,specificity
0,55.98863410949707,0.8125,0.9636364,0.8333333,0.90909094,0.76088345
