,loss,accuracy,auc_2,f1_m,recall_2,specificity
0,50.80702209472656,0.9375,0.9636364,0.9444444,1.0,0.689108
