,loss,accuracy,auc_4,f1_m,recall_4,specificity
0,51.123525619506836,0.875,0.9272728,0.9,1.0,0.68076134
