,loss,accuracy,auc_3,f1_m,recall_3,specificity
0,51.24785232543945,0.625,0.8181818,0.7342657,0.8181818,0.48503095
