,loss,accuracy,auc_5,f1_m,recall_5,specificity
0,51.084096908569336,1.0,1.0,1.0,1.0,0.75917983
