,loss,accuracy,auc_1,f1_m,recall_1,specificity
0,52.545982360839844,0.625,0.8363636,0.7342657,0.8181818,0.5202133
