,loss,accuracy,auc,f1_m,recall,specificity
0,52.52854919433594,0.875,0.94545454,0.875,0.90909094,0.83628047
