,loss,accuracy,auc_2,f1_m,recall_2,specificity
0,52.39560127258301,0.8125,0.9636364,0.8333333,0.90909094,0.8376918
