,loss,accuracy,auc_4,f1_m,recall_4,specificity
0,52.205848693847656,0.875,0.9636364,0.9,1.0,0.72997963
