,loss,accuracy,auc_3,f1_m,recall_3,specificity
0,51.716190338134766,0.8125,0.96363634,0.8333333,0.90909094,0.80269575
