,loss,accuracy,auc_5,f1_m,recall_5,specificity
0,52.618417739868164,0.75,0.8181819,0.7948718,0.8181818,0.54841644
